table,version,field,stem
part_iii,2007v2.10,Description,Description
part_iii,2007v2.10,ExpenseAmt,Expense
part_iii,2007v2.10,GrantAmt,Grants
part_iii,2007v2.10,RevenueAmt,Revenue
part_iii,2007v2.11,Description,Description
part_iii,2007v2.11,ExpenseAmt,Expense
part_iii,2007v2.11,GrantAmt,Grants
part_iii,2007v2.11,RevenueAmt,Revenue
part_iii,2007v2.3,Description,Description
part_iii,2007v2.3,ExpenseAmt,Expense
part_iii,2007v2.3,GrantAmt,Grants
part_iii,2007v2.3,RevenueAmt,Revenue
part_iii,2007v2.4,Description,Description
part_iii,2007v2.4,ExpenseAmt,Expense
part_iii,2007v2.4,GrantAmt,Grants
part_iii,2007v2.4,RevenueAmt,Revenue
part_iii,2007v2.6,Description,Description
part_iii,2007v2.6,ExpenseAmt,Expense
part_iii,2007v2.6,GrantAmt,Grants
part_iii,2007v2.6,RevenueAmt,Revenue
part_iii,2008v2.10,Description,Description
part_iii,2008v2.10,ExpenseAmt,Expense
part_iii,2008v2.10,GrantAmt,Grants
part_iii,2008v2.10,RevenueAmt,Revenue
part_iii,2008v2.5,Description,Description
part_iii,2008v2.5,ExpenseAmt,Expense
part_iii,2008v2.5,GrantAmt,Grants
part_iii,2008v2.5,RevenueAmt,Revenue
part_iii,2008v2.7,Description,Description
part_iii,2008v2.7,ExpenseAmt,Expense
part_iii,2008v2.7,GrantAmt,Grants
part_iii,2008v2.7,RevenueAmt,Revenue
part_iii,2008v2.9,Description,Description
part_iii,2008v2.9,ExpenseAmt,Expense
part_iii,2008v2.9,GrantAmt,Grants
part_iii,2008v2.9,RevenueAmt,Revenue
part_iii,2009v1.0,Description,Description
part_iii,2009v1.0,ExpenseAmt,Expense
part_iii,2009v1.0,GrantAmt,Grants
part_iii,2009v1.0,RevenueAmt,Revenue
part_iii,2009v1.1,Description,Description
part_iii,2009v1.1,ExpenseAmt,Expense
part_iii,2009v1.1,GrantAmt,Grants
part_iii,2009v1.1,RevenueAmt,Revenue
part_iii,2009v1.2,Description,Description
part_iii,2009v1.2,ExpenseAmt,Expense
part_iii,2009v1.2,GrantAmt,Grants
part_iii,2009v1.2,RevenueAmt,Revenue
part_iii,2009v1.3,Description,Description
part_iii,2009v1.3,ExpenseAmt,Expense
part_iii,2009v1.3,GrantAmt,Grants
part_iii,2009v1.3,RevenueAmt,Revenue
part_iii,2009v1.4,Description,Description
part_iii,2009v1.4,ExpenseAmt,Expense
part_iii,2009v1.4,GrantAmt,Grants
part_iii,2009v1.4,RevenueAmt,Revenue
part_iii,2009v1.7,Description,Description
part_iii,2009v1.7,ExpenseAmt,Expense
part_iii,2009v1.7,GrantAmt,Grants
part_iii,2009v1.7,RevenueAmt,Revenue
part_iii,2010v3.2,Description,Description
part_iii,2010v3.2,ExpenseAmt,Expense
part_iii,2010v3.2,GrantAmt,Grants
part_iii,2010v3.2,RevenueAmt,Revenue
part_iii,2010v3.4,Description,Description
part_iii,2010v3.4,ExpenseAmt,Expense
part_iii,2010v3.4,GrantAmt,Grants
part_iii,2010v3.4,RevenueAmt,Revenue
part_iii,2010v3.6,Description,Description
part_iii,2010v3.6,ExpenseAmt,Expense
part_iii,2010v3.6,GrantAmt,Grants
part_iii,2010v3.6,RevenueAmt,Revenue
part_iii,2010v3.7,Description,Description
part_iii,2010v3.7,ExpenseAmt,Expense
part_iii,2010v3.7,GrantAmt,Grants
part_iii,2010v3.7,RevenueAmt,Revenue
part_iii,2011v1.2,Description,Description
part_iii,2011v1.2,ExpenseAmt,Expense
part_iii,2011v1.2,GrantAmt,Grants
part_iii,2011v1.2,RevenueAmt,Revenue
part_iii,2011v1.3,Description,Description
part_iii,2011v1.3,ExpenseAmt,Expense
part_iii,2011v1.3,GrantAmt,Grants
part_iii,2011v1.3,RevenueAmt,Revenue
part_iii,2011v1.4,Description,Description
part_iii,2011v1.4,ExpenseAmt,Expense
part_iii,2011v1.4,GrantAmt,Grants
part_iii,2011v1.4,RevenueAmt,Revenue
part_iii,2011v1.5,Description,Description
part_iii,2011v1.5,ExpenseAmt,Expense
part_iii,2011v1.5,GrantAmt,Grants
part_iii,2011v1.5,RevenueAmt,Revenue
part_iii,2012v2.0,Description,Description
part_iii,2012v2.0,ExpenseAmt,Expense
part_iii,2012v2.0,GrantAmt,Grants
part_iii,2012v2.0,RevenueAmt,Revenue
part_iii,2012v2.1,Description,Description
part_iii,2012v2.1,ExpenseAmt,Expense
part_iii,2012v2.1,GrantAmt,Grants
part_iii,2012v2.1,RevenueAmt,Revenue
part_iii,2012v2.2,Description,Description
part_iii,2012v2.2,ExpenseAmt,Expense
part_iii,2012v2.2,GrantAmt,Grants
part_iii,2012v2.2,RevenueAmt,Revenue
part_iii,2012v2.3,Description,Description
part_iii,2012v2.3,ExpenseAmt,Expense
part_iii,2012v2.3,GrantAmt,Grants
part_iii,2012v2.3,RevenueAmt,Revenue
part_iii,2012v3.0,Description,Description
part_iii,2012v3.0,ExpenseAmt,Expense
part_iii,2012v3.0,GrantAmt,Grants
part_iii,2012v3.0,RevenueAmt,Revenue
part_iii,2013v3.0,Description,Desc
part_iii,2013v3.0,ExpenseAmt,ExpenseAmt
part_iii,2013v3.0,GrantAmt,GrantAmt
part_iii,2013v3.0,RevenueAmt,RevenueAmt
part_iii,2013v3.1,Description,Desc
part_iii,2013v3.1,ExpenseAmt,ExpenseAmt
part_iii,2013v3.1,GrantAmt,GrantAmt
part_iii,2013v3.1,RevenueAmt,RevenueAmt
part_iii,2013v4.0,Description,Desc
part_iii,2013v4.0,ExpenseAmt,ExpenseAmt
part_iii,2013v4.0,GrantAmt,GrantAmt
part_iii,2013v4.0,RevenueAmt,RevenueAmt
part_iii,2014v5.0,Description,Desc
part_iii,2014v5.0,ExpenseAmt,ExpenseAmt
part_iii,2014v5.0,GrantAmt,GrantAmt
part_iii,2014v5.0,RevenueAmt,RevenueAmt
part_iii,2014v6.0,Description,Desc
part_iii,2014v6.0,ExpenseAmt,ExpenseAmt
part_iii,2014v6.0,GrantAmt,GrantAmt
part_iii,2014v6.0,RevenueAmt,RevenueAmt
part_vii_a,2007v2.10,AvgHrs,AverageHoursPerWeek
part_vii_a,2007v2.10,AvgHrsRltd,AverageHoursPerWeekRltdOrg
part_vii_a,2007v2.10,FmrOfficer,Former
part_vii_a,2007v2.10,HighComp,HighestCompensatedEmployee
part_vii_a,2007v2.10,KeyEmpl,KeyEmployee
part_vii_a,2007v2.10,Officer,Officer
part_vii_a,2007v2.10,OtherComp,OtherCompensation
part_vii_a,2007v2.10,PersonNm,NamePerson
part_vii_a,2007v2.10,RptCmpOrg,ReportableCompFromOrganization
part_vii_a,2007v2.10,RptCmpRltd,ReportableCompFromRelatedOrgs
part_vii_a,2007v2.10,TitleTxt,Title
part_vii_a,2007v2.10,TrustOrDir,IndividualTrusteeOrDirector
part_vii_a,2007v2.11,AvgHrs,AverageHoursPerWeek
part_vii_a,2007v2.11,AvgHrsRltd,AverageHoursPerWeekRltdOrg
part_vii_a,2007v2.11,FmrOfficer,Former
part_vii_a,2007v2.11,HighComp,HighestCompensatedEmployee
part_vii_a,2007v2.11,KeyEmpl,KeyEmployee
part_vii_a,2007v2.11,Officer,Officer
part_vii_a,2007v2.11,OtherComp,OtherCompensation
part_vii_a,2007v2.11,PersonNm,NamePerson
part_vii_a,2007v2.11,RptCmpOrg,ReportableCompFromOrganization
part_vii_a,2007v2.11,RptCmpRltd,ReportableCompFromRelatedOrgs
part_vii_a,2007v2.11,TitleTxt,Title
part_vii_a,2007v2.11,TrustOrDir,IndividualTrusteeOrDirector
part_vii_a,2007v2.3,AvgHrs,AverageHoursPerWeek
part_vii_a,2007v2.3,AvgHrsRltd,AverageHoursPerWeekRltdOrg
part_vii_a,2007v2.3,FmrOfficer,Former
part_vii_a,2007v2.3,HighComp,HighestCompensatedEmployee
part_vii_a,2007v2.3,KeyEmpl,KeyEmployee
part_vii_a,2007v2.3,Officer,Officer
part_vii_a,2007v2.3,OtherComp,OtherCompensation
part_vii_a,2007v2.3,PersonNm,NamePerson
part_vii_a,2007v2.3,RptCmpOrg,ReportableCompFromOrganization
part_vii_a,2007v2.3,RptCmpRltd,ReportableCompFromRelatedOrgs
part_vii_a,2007v2.3,TitleTxt,Title
part_vii_a,2007v2.3,TrustOrDir,IndividualTrusteeOrDirector
part_vii_a,2007v2.4,AvgHrs,AverageHoursPerWeek
part_vii_a,2007v2.4,AvgHrsRltd,AverageHoursPerWeekRltdOrg
part_vii_a,2007v2.4,FmrOfficer,Former
part_vii_a,2007v2.4,HighComp,HighestCompensatedEmployee
part_vii_a,2007v2.4,KeyEmpl,KeyEmployee
part_vii_a,2007v2.4,Officer,Officer
part_vii_a,2007v2.4,OtherComp,OtherCompensation
part_vii_a,2007v2.4,PersonNm,NamePerson
part_vii_a,2007v2.4,RptCmpOrg,ReportableCompFromOrganization
part_vii_a,2007v2.4,RptCmpRltd,ReportableCompFromRelatedOrgs
part_vii_a,2007v2.4,TitleTxt,Title
part_vii_a,2007v2.4,TrustOrDir,IndividualTrusteeOrDirector
part_vii_a,2007v2.6,AvgHrs,AverageHoursPerWeek
part_vii_a,2007v2.6,AvgHrsRltd,AverageHoursPerWeekRltdOrg
part_vii_a,2007v2.6,FmrOfficer,Former
part_vii_a,2007v2.6,HighComp,HighestCompensatedEmployee
part_vii_a,2007v2.6,KeyEmpl,KeyEmployee
part_vii_a,2007v2.6,Officer,Officer
part_vii_a,2007v2.6,OtherComp,OtherCompensation
part_vii_a,2007v2.6,PersonNm,NamePerson
part_vii_a,2007v2.6,RptCmpOrg,ReportableCompFromOrganization
part_vii_a,2007v2.6,RptCmpRltd,ReportableCompFromRelatedOrgs
part_vii_a,2007v2.6,TitleTxt,Title
part_vii_a,2007v2.6,TrustOrDir,IndividualTrusteeOrDirector
part_vii_a,2008v2.10,AvgHrs,AverageHoursPerWeek
part_vii_a,2008v2.10,AvgHrsRltd,AverageHoursPerWeekRltdOrg
part_vii_a,2008v2.10,FmrOfficer,Former
part_vii_a,2008v2.10,HighComp,HighestCompensatedEmployee
part_vii_a,2008v2.10,KeyEmpl,KeyEmployee
part_vii_a,2008v2.10,Officer,Officer
part_vii_a,2008v2.10,OtherComp,OtherCompensation
part_vii_a,2008v2.10,PersonNm,NamePerson
part_vii_a,2008v2.10,RptCmpOrg,ReportableCompFromOrganization
part_vii_a,2008v2.10,RptCmpRltd,ReportableCompFromRelatedOrgs
part_vii_a,2008v2.10,TitleTxt,Title
part_vii_a,2008v2.10,TrustOrDir,IndividualTrusteeOrDirector
part_vii_a,2008v2.5,AvgHrs,AverageHoursPerWeek
part_vii_a,2008v2.5,AvgHrsRltd,AverageHoursPerWeekRltdOrg
part_vii_a,2008v2.5,FmrOfficer,Former
part_vii_a,2008v2.5,HighComp,HighestCompensatedEmployee
part_vii_a,2008v2.5,KeyEmpl,KeyEmployee
part_vii_a,2008v2.5,Officer,Officer
part_vii_a,2008v2.5,OtherComp,OtherCompensation
part_vii_a,2008v2.5,PersonNm,NamePerson
part_vii_a,2008v2.5,RptCmpOrg,ReportableCompFromOrganization
part_vii_a,2008v2.5,RptCmpRltd,ReportableCompFromRelatedOrgs
part_vii_a,2008v2.5,TitleTxt,Title
part_vii_a,2008v2.5,TrustOrDir,IndividualTrusteeOrDirector
part_vii_a,2008v2.7,AvgHrs,AverageHoursPerWeek
part_vii_a,2008v2.7,AvgHrsRltd,AverageHoursPerWeekRltdOrg
part_vii_a,2008v2.7,FmrOfficer,Former
part_vii_a,2008v2.7,HighComp,HighestCompensatedEmployee
part_vii_a,2008v2.7,KeyEmpl,KeyEmployee
part_vii_a,2008v2.7,Officer,Officer
part_vii_a,2008v2.7,OtherComp,OtherCompensation
part_vii_a,2008v2.7,PersonNm,NamePerson
part_vii_a,2008v2.7,RptCmpOrg,ReportableCompFromOrganization
part_vii_a,2008v2.7,RptCmpRltd,ReportableCompFromRelatedOrgs
part_vii_a,2008v2.7,TitleTxt,Title
part_vii_a,2008v2.7,TrustOrDir,IndividualTrusteeOrDirector
part_vii_a,2008v2.9,AvgHrs,AverageHoursPerWeek
part_vii_a,2008v2.9,AvgHrsRltd,AverageHoursPerWeekRltdOrg
part_vii_a,2008v2.9,FmrOfficer,Former
part_vii_a,2008v2.9,HighComp,HighestCompensatedEmployee
part_vii_a,2008v2.9,KeyEmpl,KeyEmployee
part_vii_a,2008v2.9,Officer,Officer
part_vii_a,2008v2.9,OtherComp,OtherCompensation
part_vii_a,2008v2.9,PersonNm,NamePerson
part_vii_a,2008v2.9,RptCmpOrg,ReportableCompFromOrganization
part_vii_a,2008v2.9,RptCmpRltd,ReportableCompFromRelatedOrgs
part_vii_a,2008v2.9,TitleTxt,Title
part_vii_a,2008v2.9,TrustOrDir,IndividualTrusteeOrDirector
part_vii_a,2009v1.0,AvgHrs,AverageHoursPerWeek
part_vii_a,2009v1.0,AvgHrsRltd,AverageHoursPerWeekRltdOrg
part_vii_a,2009v1.0,FmrOfficer,Former
part_vii_a,2009v1.0,HighComp,HighestCompensatedEmployee
part_vii_a,2009v1.0,KeyEmpl,KeyEmployee
part_vii_a,2009v1.0,Officer,Officer
part_vii_a,2009v1.0,OtherComp,OtherCompensation
part_vii_a,2009v1.0,PersonNm,NamePerson
part_vii_a,2009v1.0,RptCmpOrg,ReportableCompFromOrganization
part_vii_a,2009v1.0,RptCmpRltd,ReportableCompFromRelatedOrgs
part_vii_a,2009v1.0,TitleTxt,Title
part_vii_a,2009v1.0,TrustOrDir,IndividualTrusteeOrDirector
part_vii_a,2009v1.1,AvgHrs,AverageHoursPerWeek
part_vii_a,2009v1.1,AvgHrsRltd,AverageHoursPerWeekRltdOrg
part_vii_a,2009v1.1,FmrOfficer,Former
part_vii_a,2009v1.1,HighComp,HighestCompensatedEmployee
part_vii_a,2009v1.1,KeyEmpl,KeyEmployee
part_vii_a,2009v1.1,Officer,Officer
part_vii_a,2009v1.1,OtherComp,OtherCompensation
part_vii_a,2009v1.1,PersonNm,NamePerson
part_vii_a,2009v1.1,RptCmpOrg,ReportableCompFromOrganization
part_vii_a,2009v1.1,RptCmpRltd,ReportableCompFromRelatedOrgs
part_vii_a,2009v1.1,TitleTxt,Title
part_vii_a,2009v1.1,TrustOrDir,IndividualTrusteeOrDirector
part_vii_a,2009v1.2,AvgHrs,AverageHoursPerWeek
part_vii_a,2009v1.2,AvgHrsRltd,AverageHoursPerWeekRltdOrg
part_vii_a,2009v1.2,FmrOfficer,Former
part_vii_a,2009v1.2,HighComp,HighestCompensatedEmployee
part_vii_a,2009v1.2,KeyEmpl,KeyEmployee
part_vii_a,2009v1.2,Officer,Officer
part_vii_a,2009v1.2,OtherComp,OtherCompensation
part_vii_a,2009v1.2,PersonNm,NamePerson
part_vii_a,2009v1.2,RptCmpOrg,ReportableCompFromOrganization
part_vii_a,2009v1.2,RptCmpRltd,ReportableCompFromRelatedOrgs
part_vii_a,2009v1.2,TitleTxt,Title
part_vii_a,2009v1.2,TrustOrDir,IndividualTrusteeOrDirector
part_vii_a,2009v1.3,AvgHrs,AverageHoursPerWeek
part_vii_a,2009v1.3,AvgHrsRltd,AverageHoursPerWeekRltdOrg
part_vii_a,2009v1.3,FmrOfficer,Former
part_vii_a,2009v1.3,HighComp,HighestCompensatedEmployee
part_vii_a,2009v1.3,KeyEmpl,KeyEmployee
part_vii_a,2009v1.3,Officer,Officer
part_vii_a,2009v1.3,OtherComp,OtherCompensation
part_vii_a,2009v1.3,PersonNm,NamePerson
part_vii_a,2009v1.3,RptCmpOrg,ReportableCompFromOrganization
part_vii_a,2009v1.3,RptCmpRltd,ReportableCompFromRelatedOrgs
part_vii_a,2009v1.3,TitleTxt,Title
part_vii_a,2009v1.3,TrustOrDir,IndividualTrusteeOrDirector
part_vii_a,2009v1.4,AvgHrs,AverageHoursPerWeek
part_vii_a,2009v1.4,AvgHrsRltd,AverageHoursPerWeekRltdOrg
part_vii_a,2009v1.4,FmrOfficer,Former
part_vii_a,2009v1.4,HighComp,HighestCompensatedEmployee
part_vii_a,2009v1.4,KeyEmpl,KeyEmployee
part_vii_a,2009v1.4,Officer,Officer
part_vii_a,2009v1.4,OtherComp,OtherCompensation
part_vii_a,2009v1.4,PersonNm,NamePerson
part_vii_a,2009v1.4,RptCmpOrg,ReportableCompFromOrganization
part_vii_a,2009v1.4,RptCmpRltd,ReportableCompFromRelatedOrgs
part_vii_a,2009v1.4,TitleTxt,Title
part_vii_a,2009v1.4,TrustOrDir,IndividualTrusteeOrDirector
part_vii_a,2009v1.7,AvgHrs,AverageHoursPerWeek
part_vii_a,2009v1.7,AvgHrsRltd,AverageHoursPerWeekRltdOrg
part_vii_a,2009v1.7,FmrOfficer,Former
part_vii_a,2009v1.7,HighComp,HighestCompensatedEmployee
part_vii_a,2009v1.7,KeyEmpl,KeyEmployee
part_vii_a,2009v1.7,Officer,Officer
part_vii_a,2009v1.7,OtherComp,OtherCompensation
part_vii_a,2009v1.7,PersonNm,NamePerson
part_vii_a,2009v1.7,RptCmpOrg,ReportableCompFromOrganization
part_vii_a,2009v1.7,RptCmpRltd,ReportableCompFromRelatedOrgs
part_vii_a,2009v1.7,TitleTxt,Title
part_vii_a,2009v1.7,TrustOrDir,IndividualTrusteeOrDirector
part_vii_a,2010v3.2,AvgHrs,AverageHoursPerWeek
part_vii_a,2010v3.2,AvgHrsRltd,AverageHoursPerWeekRltdOrg
part_vii_a,2010v3.2,FmrOfficer,Former
part_vii_a,2010v3.2,HighComp,HighestCompensatedEmployee
part_vii_a,2010v3.2,KeyEmpl,KeyEmployee
part_vii_a,2010v3.2,Officer,Officer
part_vii_a,2010v3.2,OtherComp,OtherCompensation
part_vii_a,2010v3.2,PersonNm,NamePerson
part_vii_a,2010v3.2,RptCmpOrg,ReportableCompFromOrganization
part_vii_a,2010v3.2,RptCmpRltd,ReportableCompFromRelatedOrgs
part_vii_a,2010v3.2,TitleTxt,Title
part_vii_a,2010v3.2,TrustOrDir,IndividualTrusteeOrDirector
part_vii_a,2010v3.4,AvgHrs,AverageHoursPerWeek
part_vii_a,2010v3.4,AvgHrsRltd,AverageHoursPerWeekRltdOrg
part_vii_a,2010v3.4,FmrOfficer,Former
part_vii_a,2010v3.4,HighComp,HighestCompensatedEmployee
part_vii_a,2010v3.4,KeyEmpl,KeyEmployee
part_vii_a,2010v3.4,Officer,Officer
part_vii_a,2010v3.4,OtherComp,OtherCompensation
part_vii_a,2010v3.4,PersonNm,NamePerson
part_vii_a,2010v3.4,RptCmpOrg,ReportableCompFromOrganization
part_vii_a,2010v3.4,RptCmpRltd,ReportableCompFromRelatedOrgs
part_vii_a,2010v3.4,TitleTxt,Title
part_vii_a,2010v3.4,TrustOrDir,IndividualTrusteeOrDirector
part_vii_a,2010v3.6,AvgHrs,AverageHoursPerWeek
part_vii_a,2010v3.6,AvgHrsRltd,AverageHoursPerWeekRltdOrg
part_vii_a,2010v3.6,FmrOfficer,Former
part_vii_a,2010v3.6,HighComp,HighestCompensatedEmployee
part_vii_a,2010v3.6,KeyEmpl,KeyEmployee
part_vii_a,2010v3.6,Officer,Officer
part_vii_a,2010v3.6,OtherComp,OtherCompensation
part_vii_a,2010v3.6,PersonNm,NamePerson
part_vii_a,2010v3.6,RptCmpOrg,ReportableCompFromOrganization
part_vii_a,2010v3.6,RptCmpRltd,ReportableCompFromRelatedOrgs
part_vii_a,2010v3.6,TitleTxt,Title
part_vii_a,2010v3.6,TrustOrDir,IndividualTrusteeOrDirector
part_vii_a,2010v3.7,AvgHrs,AverageHoursPerWeek
part_vii_a,2010v3.7,AvgHrsRltd,AverageHoursPerWeekRltdOrg
part_vii_a,2010v3.7,FmrOfficer,Former
part_vii_a,2010v3.7,HighComp,HighestCompensatedEmployee
part_vii_a,2010v3.7,KeyEmpl,KeyEmployee
part_vii_a,2010v3.7,Officer,Officer
part_vii_a,2010v3.7,OtherComp,OtherCompensation
part_vii_a,2010v3.7,PersonNm,NamePerson
part_vii_a,2010v3.7,RptCmpOrg,ReportableCompFromOrganization
part_vii_a,2010v3.7,RptCmpRltd,ReportableCompFromRelatedOrgs
part_vii_a,2010v3.7,TitleTxt,Title
part_vii_a,2010v3.7,TrustOrDir,IndividualTrusteeOrDirector
part_vii_a,2011v1.2,AvgHrs,AverageHoursPerWeek
part_vii_a,2011v1.2,AvgHrsRltd,AverageHoursPerWeekRltdOrg
part_vii_a,2011v1.2,FmrOfficer,Former
part_vii_a,2011v1.2,HighComp,HighestCompensatedEmployee
part_vii_a,2011v1.2,KeyEmpl,KeyEmployee
part_vii_a,2011v1.2,Officer,Officer
part_vii_a,2011v1.2,OtherComp,OtherCompensation
part_vii_a,2011v1.2,PersonNm,NamePerson
part_vii_a,2011v1.2,RptCmpOrg,ReportableCompFromOrganization
part_vii_a,2011v1.2,RptCmpRltd,ReportableCompFromRelatedOrgs
part_vii_a,2011v1.2,TitleTxt,Title
part_vii_a,2011v1.2,TrustOrDir,IndividualTrusteeOrDirector
part_vii_a,2011v1.3,AvgHrs,AverageHoursPerWeek
part_vii_a,2011v1.3,AvgHrsRltd,AverageHoursPerWeekRltdOrg
part_vii_a,2011v1.3,FmrOfficer,Former
part_vii_a,2011v1.3,HighComp,HighestCompensatedEmployee
part_vii_a,2011v1.3,KeyEmpl,KeyEmployee
part_vii_a,2011v1.3,Officer,Officer
part_vii_a,2011v1.3,OtherComp,OtherCompensation
part_vii_a,2011v1.3,PersonNm,NamePerson
part_vii_a,2011v1.3,RptCmpOrg,ReportableCompFromOrganization
part_vii_a,2011v1.3,RptCmpRltd,ReportableCompFromRelatedOrgs
part_vii_a,2011v1.3,TitleTxt,Title
part_vii_a,2011v1.3,TrustOrDir,IndividualTrusteeOrDirector
part_vii_a,2011v1.4,AvgHrs,AverageHoursPerWeek
part_vii_a,2011v1.4,AvgHrsRltd,AverageHoursPerWeekRltdOrg
part_vii_a,2011v1.4,FmrOfficer,Former
part_vii_a,2011v1.4,HighComp,HighestCompensatedEmployee
part_vii_a,2011v1.4,KeyEmpl,KeyEmployee
part_vii_a,2011v1.4,Officer,Officer
part_vii_a,2011v1.4,OtherComp,OtherCompensation
part_vii_a,2011v1.4,PersonNm,NamePerson
part_vii_a,2011v1.4,RptCmpOrg,ReportableCompFromOrganization
part_vii_a,2011v1.4,RptCmpRltd,ReportableCompFromRelatedOrgs
part_vii_a,2011v1.4,TitleTxt,Title
part_vii_a,2011v1.4,TrustOrDir,IndividualTrusteeOrDirector
part_vii_a,2011v1.5,AvgHrs,AverageHoursPerWeek
part_vii_a,2011v1.5,AvgHrsRltd,AverageHoursPerWeekRltdOrg
part_vii_a,2011v1.5,FmrOfficer,Former
part_vii_a,2011v1.5,HighComp,HighestCompensatedEmployee
part_vii_a,2011v1.5,KeyEmpl,KeyEmployee
part_vii_a,2011v1.5,Officer,Officer
part_vii_a,2011v1.5,OtherComp,OtherCompensation
part_vii_a,2011v1.5,PersonNm,NamePerson
part_vii_a,2011v1.5,RptCmpOrg,ReportableCompFromOrganization
part_vii_a,2011v1.5,RptCmpRltd,ReportableCompFromRelatedOrgs
part_vii_a,2011v1.5,TitleTxt,Title
part_vii_a,2011v1.5,TrustOrDir,IndividualTrusteeOrDirector
part_vii_a,2012v2.0,AvgHrs,AverageHoursPerWeek
part_vii_a,2012v2.0,AvgHrsRltd,AverageHoursPerWeekRltdOrg
part_vii_a,2012v2.0,FmrOfficer,Former
part_vii_a,2012v2.0,HighComp,HighestCompensatedEmployee
part_vii_a,2012v2.0,KeyEmpl,KeyEmployee
part_vii_a,2012v2.0,Officer,Officer
part_vii_a,2012v2.0,OtherComp,OtherCompensation
part_vii_a,2012v2.0,PersonNm,NamePerson
part_vii_a,2012v2.0,RptCmpOrg,ReportableCompFromOrganization
part_vii_a,2012v2.0,RptCmpRltd,ReportableCompFromRelatedOrgs
part_vii_a,2012v2.0,TitleTxt,Title
part_vii_a,2012v2.0,TrustOrDir,IndividualTrusteeOrDirector
part_vii_a,2012v2.1,AvgHrs,AverageHoursPerWeek
part_vii_a,2012v2.1,AvgHrsRltd,AverageHoursPerWeekRltdOrg
part_vii_a,2012v2.1,FmrOfficer,Former
part_vii_a,2012v2.1,HighComp,HighestCompensatedEmployee
part_vii_a,2012v2.1,KeyEmpl,KeyEmployee
part_vii_a,2012v2.1,Officer,Officer
part_vii_a,2012v2.1,OtherComp,OtherCompensation
part_vii_a,2012v2.1,PersonNm,NamePerson
part_vii_a,2012v2.1,RptCmpOrg,ReportableCompFromOrganization
part_vii_a,2012v2.1,RptCmpRltd,ReportableCompFromRelatedOrgs
part_vii_a,2012v2.1,TitleTxt,Title
part_vii_a,2012v2.1,TrustOrDir,IndividualTrusteeOrDirector
part_vii_a,2012v2.2,AvgHrs,AverageHoursPerWeek
part_vii_a,2012v2.2,AvgHrsRltd,AverageHoursPerWeekRltdOrg
part_vii_a,2012v2.2,FmrOfficer,Former
part_vii_a,2012v2.2,HighComp,HighestCompensatedEmployee
part_vii_a,2012v2.2,KeyEmpl,KeyEmployee
part_vii_a,2012v2.2,Officer,Officer
part_vii_a,2012v2.2,OtherComp,OtherCompensation
part_vii_a,2012v2.2,PersonNm,NamePerson
part_vii_a,2012v2.2,RptCmpOrg,ReportableCompFromOrganization
part_vii_a,2012v2.2,RptCmpRltd,ReportableCompFromRelatedOrgs
part_vii_a,2012v2.2,TitleTxt,Title
part_vii_a,2012v2.2,TrustOrDir,IndividualTrusteeOrDirector
part_vii_a,2012v2.3,AvgHrs,AverageHoursPerWeek
part_vii_a,2012v2.3,AvgHrsRltd,AverageHoursPerWeekRltdOrg
part_vii_a,2012v2.3,FmrOfficer,Former
part_vii_a,2012v2.3,HighComp,HighestCompensatedEmployee
part_vii_a,2012v2.3,KeyEmpl,KeyEmployee
part_vii_a,2012v2.3,Officer,Officer
part_vii_a,2012v2.3,OtherComp,OtherCompensation
part_vii_a,2012v2.3,PersonNm,NamePerson
part_vii_a,2012v2.3,RptCmpOrg,ReportableCompFromOrganization
part_vii_a,2012v2.3,RptCmpRltd,ReportableCompFromRelatedOrgs
part_vii_a,2012v2.3,TitleTxt,Title
part_vii_a,2012v2.3,TrustOrDir,IndividualTrusteeOrDirector
part_vii_a,2012v3.0,AvgHrs,AverageHoursPerWeek
part_vii_a,2012v3.0,AvgHrsRltd,AverageHoursPerWeekRltdOrg
part_vii_a,2012v3.0,FmrOfficer,Former
part_vii_a,2012v3.0,HighComp,HighestCompensatedEmployee
part_vii_a,2012v3.0,KeyEmpl,KeyEmployee
part_vii_a,2012v3.0,Officer,Officer
part_vii_a,2012v3.0,OtherComp,OtherCompensation
part_vii_a,2012v3.0,PersonNm,NamePerson
part_vii_a,2012v3.0,RptCmpOrg,ReportableCompFromOrganization
part_vii_a,2012v3.0,RptCmpRltd,ReportableCompFromRelatedOrgs
part_vii_a,2012v3.0,TitleTxt,Title
part_vii_a,2012v3.0,TrustOrDir,IndividualTrusteeOrDirector
part_vii_a,2013v3.0,AvgHrs,AverageHoursPerWeekRt
part_vii_a,2013v3.0,AvgHrsRltd,AverageHoursPerWeekRltdOrgRt
part_vii_a,2013v3.0,FmrOfficer,FormerOfcrDirectorTrusteeInd
part_vii_a,2013v3.0,HighComp,HighestCompensatedEmployeeInd
part_vii_a,2013v3.0,KeyEmpl,KeyEmployeeInd
part_vii_a,2013v3.0,Officer,OfficerInd
part_vii_a,2013v3.0,OtherComp,OtherCompensationAmt
part_vii_a,2013v3.0,PersonNm,PersonNm
part_vii_a,2013v3.0,RptCmpOrg,ReportableCompFromOrgAmt
part_vii_a,2013v3.0,RptCmpRltd,ReportableCompFromRltdOrgAmt
part_vii_a,2013v3.0,TitleTxt,TitleTxt
part_vii_a,2013v3.0,TrustOrDir,IndividualTrusteeOrDirectorInd
part_vii_a,2013v3.1,AvgHrs,AverageHoursPerWeekRt
part_vii_a,2013v3.1,AvgHrsRltd,AverageHoursPerWeekRltdOrgRt
part_vii_a,2013v3.1,FmrOfficer,FormerOfcrDirectorTrusteeInd
part_vii_a,2013v3.1,HighComp,HighestCompensatedEmployeeInd
part_vii_a,2013v3.1,KeyEmpl,KeyEmployeeInd
part_vii_a,2013v3.1,Officer,OfficerInd
part_vii_a,2013v3.1,OtherComp,OtherCompensationAmt
part_vii_a,2013v3.1,PersonNm,PersonNm
part_vii_a,2013v3.1,RptCmpOrg,ReportableCompFromOrgAmt
part_vii_a,2013v3.1,RptCmpRltd,ReportableCompFromRltdOrgAmt
part_vii_a,2013v3.1,TitleTxt,TitleTxt
part_vii_a,2013v3.1,TrustOrDir,IndividualTrusteeOrDirectorInd
part_vii_a,2013v4.0,AvgHrs,AverageHoursPerWeekRt
part_vii_a,2013v4.0,AvgHrsRltd,AverageHoursPerWeekRltdOrgRt
part_vii_a,2013v4.0,FmrOfficer,FormerOfcrDirectorTrusteeInd
part_vii_a,2013v4.0,HighComp,HighestCompensatedEmployeeInd
part_vii_a,2013v4.0,KeyEmpl,KeyEmployeeInd
part_vii_a,2013v4.0,Officer,OfficerInd
part_vii_a,2013v4.0,OtherComp,OtherCompensationAmt
part_vii_a,2013v4.0,PersonNm,PersonNm
part_vii_a,2013v4.0,RptCmpOrg,ReportableCompFromOrgAmt
part_vii_a,2013v4.0,RptCmpRltd,ReportableCompFromRltdOrgAmt
part_vii_a,2013v4.0,TitleTxt,TitleTxt
part_vii_a,2013v4.0,TrustOrDir,IndividualTrusteeOrDirectorInd
part_vii_a,2014v5.0,AvgHrs,AverageHoursPerWeekRt
part_vii_a,2014v5.0,AvgHrsRltd,AverageHoursPerWeekRltdOrgRt
part_vii_a,2014v5.0,FmrOfficer,FormerOfcrDirectorTrusteeInd
part_vii_a,2014v5.0,HighComp,HighestCompensatedEmployeeInd
part_vii_a,2014v5.0,KeyEmpl,KeyEmployeeInd
part_vii_a,2014v5.0,Officer,OfficerInd
part_vii_a,2014v5.0,OtherComp,OtherCompensationAmt
part_vii_a,2014v5.0,PersonNm,PersonNm
part_vii_a,2014v5.0,RptCmpOrg,ReportableCompFromOrgAmt
part_vii_a,2014v5.0,RptCmpRltd,ReportableCompFromRltdOrgAmt
part_vii_a,2014v5.0,TitleTxt,TitleTxt
part_vii_a,2014v5.0,TrustOrDir,IndividualTrusteeOrDirectorInd
part_vii_a,2014v6.0,AvgHrs,AverageHoursPerWeekRt
part_vii_a,2014v6.0,AvgHrsRltd,AverageHoursPerWeekRltdOrgRt
part_vii_a,2014v6.0,FmrOfficer,FormerOfcrDirectorTrusteeInd
part_vii_a,2014v6.0,HighComp,HighestCompensatedEmployeeInd
part_vii_a,2014v6.0,KeyEmpl,KeyEmployeeInd
part_vii_a,2014v6.0,Officer,OfficerInd
part_vii_a,2014v6.0,OtherComp,OtherCompensationAmt
part_vii_a,2014v6.0,PersonNm,PersonNm
part_vii_a,2014v6.0,RptCmpOrg,ReportableCompFromOrgAmt
part_vii_a,2014v6.0,RptCmpRltd,ReportableCompFromRltdOrgAmt
part_vii_a,2014v6.0,TitleTxt,TitleTxt
part_vii_a,2014v6.0,TrustOrDir,IndividualTrusteeOrDirectorInd
sched_g_part_i,2007v2.10,ActivityTxt,Activity
sched_g_part_i,2007v2.10,BusinessNm1,NameOfOrganization/BusinessNameLine1
sched_g_part_i,2007v2.10,BusinessNm2,NameOfOrganization/BusinessNameLine2
sched_g_part_i,2007v2.10,ContractAmt,AmountRetainedByContractor
sched_g_part_i,2007v2.10,FndControl,FundraiserControlOfFunds
sched_g_part_i,2007v2.10,GrsRcptAmt,GrossReceipts
sched_g_part_i,2007v2.10,OrgNetAmt,NetToOrganization
sched_g_part_i,2007v2.10,PersonNm,NameOfIndividual
sched_g_part_i,2007v2.11,ActivityTxt,Activity
sched_g_part_i,2007v2.11,BusinessNm1,NameOfOrganization/BusinessNameLine1
sched_g_part_i,2007v2.11,BusinessNm2,NameOfOrganization/BusinessNameLine2
sched_g_part_i,2007v2.11,ContractAmt,AmountRetainedByContractor
sched_g_part_i,2007v2.11,FndControl,FundraiserControlOfFunds
sched_g_part_i,2007v2.11,GrsRcptAmt,GrossReceipts
sched_g_part_i,2007v2.11,OrgNetAmt,NetToOrganization
sched_g_part_i,2007v2.11,PersonNm,NameOfIndividual
sched_g_part_i,2007v2.3,ActivityTxt,Activity
sched_g_part_i,2007v2.3,BusinessNm1,NameOfOrganization/BusinessNameLine1
sched_g_part_i,2007v2.3,BusinessNm2,NameOfOrganization/BusinessNameLine2
sched_g_part_i,2007v2.3,ContractAmt,AmountRetainedByContractor
sched_g_part_i,2007v2.3,FndControl,FundraiserControlOfFunds
sched_g_part_i,2007v2.3,GrsRcptAmt,GrossReceipts
sched_g_part_i,2007v2.3,OrgNetAmt,NetToOrganization
sched_g_part_i,2007v2.3,PersonNm,NameOfIndividual
sched_g_part_i,2007v2.4,ActivityTxt,Activity
sched_g_part_i,2007v2.4,BusinessNm1,NameOfOrganization/BusinessNameLine1
sched_g_part_i,2007v2.4,BusinessNm2,NameOfOrganization/BusinessNameLine2
sched_g_part_i,2007v2.4,ContractAmt,AmountRetainedByContractor
sched_g_part_i,2007v2.4,FndControl,FundraiserControlOfFunds
sched_g_part_i,2007v2.4,GrsRcptAmt,GrossReceipts
sched_g_part_i,2007v2.4,OrgNetAmt,NetToOrganization
sched_g_part_i,2007v2.4,PersonNm,NameOfIndividual
sched_g_part_i,2007v2.6,ActivityTxt,Activity
sched_g_part_i,2007v2.6,BusinessNm1,NameOfOrganization/BusinessNameLine1
sched_g_part_i,2007v2.6,BusinessNm2,NameOfOrganization/BusinessNameLine2
sched_g_part_i,2007v2.6,ContractAmt,AmountRetainedByContractor
sched_g_part_i,2007v2.6,FndControl,FundraiserControlOfFunds
sched_g_part_i,2007v2.6,GrsRcptAmt,GrossReceipts
sched_g_part_i,2007v2.6,OrgNetAmt,NetToOrganization
sched_g_part_i,2007v2.6,PersonNm,NameOfIndividual
sched_g_part_i,2008v2.10,ActivityTxt,Activity
sched_g_part_i,2008v2.10,BusinessNm1,NameOfOrganization/BusinessNameLine1
sched_g_part_i,2008v2.10,BusinessNm2,NameOfOrganization/BusinessNameLine2
sched_g_part_i,2008v2.10,ContractAmt,AmountRetainedByContractor
sched_g_part_i,2008v2.10,FndControl,FundraiserControlOfFunds
sched_g_part_i,2008v2.10,GrsRcptAmt,GrossReceipts
sched_g_part_i,2008v2.10,OrgNetAmt,NetToOrganization
sched_g_part_i,2008v2.10,PersonNm,NameOfIndividual
sched_g_part_i,2008v2.5,ActivityTxt,Activity
sched_g_part_i,2008v2.5,BusinessNm1,NameOfOrganization/BusinessNameLine1
sched_g_part_i,2008v2.5,BusinessNm2,NameOfOrganization/BusinessNameLine2
sched_g_part_i,2008v2.5,ContractAmt,AmountRetainedByContractor
sched_g_part_i,2008v2.5,FndControl,FundraiserControlOfFunds
sched_g_part_i,2008v2.5,GrsRcptAmt,GrossReceipts
sched_g_part_i,2008v2.5,OrgNetAmt,NetToOrganization
sched_g_part_i,2008v2.5,PersonNm,NameOfIndividual
sched_g_part_i,2008v2.7,ActivityTxt,Activity
sched_g_part_i,2008v2.7,BusinessNm1,NameOfOrganization/BusinessNameLine1
sched_g_part_i,2008v2.7,BusinessNm2,NameOfOrganization/BusinessNameLine2
sched_g_part_i,2008v2.7,ContractAmt,AmountRetainedByContractor
sched_g_part_i,2008v2.7,FndControl,FundraiserControlOfFunds
sched_g_part_i,2008v2.7,GrsRcptAmt,GrossReceipts
sched_g_part_i,2008v2.7,OrgNetAmt,NetToOrganization
sched_g_part_i,2008v2.7,PersonNm,NameOfIndividual
sched_g_part_i,2008v2.9,ActivityTxt,Activity
sched_g_part_i,2008v2.9,BusinessNm1,NameOfOrganization/BusinessNameLine1
sched_g_part_i,2008v2.9,BusinessNm2,NameOfOrganization/BusinessNameLine2
sched_g_part_i,2008v2.9,ContractAmt,AmountRetainedByContractor
sched_g_part_i,2008v2.9,FndControl,FundraiserControlOfFunds
sched_g_part_i,2008v2.9,GrsRcptAmt,GrossReceipts
sched_g_part_i,2008v2.9,OrgNetAmt,NetToOrganization
sched_g_part_i,2008v2.9,PersonNm,NameOfIndividual
sched_g_part_i,2009v1.0,ActivityTxt,Activity
sched_g_part_i,2009v1.0,BusinessNm1,NameOfOrganization/BusinessNameLine1
sched_g_part_i,2009v1.0,BusinessNm2,NameOfOrganization/BusinessNameLine2
sched_g_part_i,2009v1.0,ContractAmt,AmountRetainedByContractor
sched_g_part_i,2009v1.0,FndControl,FundraiserControlOfFunds
sched_g_part_i,2009v1.0,GrsRcptAmt,GrossReceipts
sched_g_part_i,2009v1.0,OrgNetAmt,NetToOrganization
sched_g_part_i,2009v1.0,PersonNm,NameOfIndividual
sched_g_part_i,2009v1.1,ActivityTxt,Activity
sched_g_part_i,2009v1.1,BusinessNm1,NameOfOrganization/BusinessNameLine1
sched_g_part_i,2009v1.1,BusinessNm2,NameOfOrganization/BusinessNameLine2
sched_g_part_i,2009v1.1,ContractAmt,AmountRetainedByContractor
sched_g_part_i,2009v1.1,FndControl,FundraiserControlOfFunds
sched_g_part_i,2009v1.1,GrsRcptAmt,GrossReceipts
sched_g_part_i,2009v1.1,OrgNetAmt,NetToOrganization
sched_g_part_i,2009v1.1,PersonNm,NameOfIndividual
sched_g_part_i,2009v1.2,ActivityTxt,Activity
sched_g_part_i,2009v1.2,BusinessNm1,NameOfOrganization/BusinessNameLine1
sched_g_part_i,2009v1.2,BusinessNm2,NameOfOrganization/BusinessNameLine2
sched_g_part_i,2009v1.2,ContractAmt,AmountRetainedByContractor
sched_g_part_i,2009v1.2,FndControl,FundraiserControlOfFunds
sched_g_part_i,2009v1.2,GrsRcptAmt,GrossReceipts
sched_g_part_i,2009v1.2,OrgNetAmt,NetToOrganization
sched_g_part_i,2009v1.2,PersonNm,NameOfIndividual
sched_g_part_i,2009v1.3,ActivityTxt,Activity
sched_g_part_i,2009v1.3,BusinessNm1,NameOfOrganization/BusinessNameLine1
sched_g_part_i,2009v1.3,BusinessNm2,NameOfOrganization/BusinessNameLine2
sched_g_part_i,2009v1.3,ContractAmt,AmountRetainedByContractor
sched_g_part_i,2009v1.3,FndControl,FundraiserControlOfFunds
sched_g_part_i,2009v1.3,GrsRcptAmt,GrossReceipts
sched_g_part_i,2009v1.3,OrgNetAmt,NetToOrganization
sched_g_part_i,2009v1.3,PersonNm,NameOfIndividual
sched_g_part_i,2009v1.4,ActivityTxt,Activity
sched_g_part_i,2009v1.4,BusinessNm1,NameOfOrganization/BusinessNameLine1
sched_g_part_i,2009v1.4,BusinessNm2,NameOfOrganization/BusinessNameLine2
sched_g_part_i,2009v1.4,ContractAmt,AmountRetainedByContractor
sched_g_part_i,2009v1.4,FndControl,FundraiserControlOfFunds
sched_g_part_i,2009v1.4,GrsRcptAmt,GrossReceipts
sched_g_part_i,2009v1.4,OrgNetAmt,NetToOrganization
sched_g_part_i,2009v1.4,PersonNm,NameOfIndividual
sched_g_part_i,2009v1.7,ActivityTxt,Activity
sched_g_part_i,2009v1.7,BusinessNm1,NameOfOrganization/BusinessNameLine1
sched_g_part_i,2009v1.7,BusinessNm2,NameOfOrganization/BusinessNameLine2
sched_g_part_i,2009v1.7,ContractAmt,AmountRetainedByContractor
sched_g_part_i,2009v1.7,FndControl,FundraiserControlOfFunds
sched_g_part_i,2009v1.7,GrsRcptAmt,GrossReceipts
sched_g_part_i,2009v1.7,OrgNetAmt,NetToOrganization
sched_g_part_i,2009v1.7,PersonNm,NameOfIndividual
sched_g_part_i,2010v3.2,ActivityTxt,Activity
sched_g_part_i,2010v3.2,BusinessNm1,NameOfOrganization/BusinessNameLine1
sched_g_part_i,2010v3.2,BusinessNm2,NameOfOrganization/BusinessNameLine2
sched_g_part_i,2010v3.2,ContractAmt,AmountRetainedByContractor
sched_g_part_i,2010v3.2,FndControl,FundraiserControlOfFunds
sched_g_part_i,2010v3.2,GrsRcptAmt,GrossReceipts
sched_g_part_i,2010v3.2,OrgNetAmt,NetToOrganization
sched_g_part_i,2010v3.2,PersonNm,NameOfIndividual
sched_g_part_i,2010v3.4,ActivityTxt,Activity
sched_g_part_i,2010v3.4,BusinessNm1,NameOfOrganization/BusinessNameLine1
sched_g_part_i,2010v3.4,BusinessNm2,NameOfOrganization/BusinessNameLine2
sched_g_part_i,2010v3.4,ContractAmt,AmountRetainedByContractor
sched_g_part_i,2010v3.4,FndControl,FundraiserControlOfFunds
sched_g_part_i,2010v3.4,GrsRcptAmt,GrossReceipts
sched_g_part_i,2010v3.4,OrgNetAmt,NetToOrganization
sched_g_part_i,2010v3.4,PersonNm,NameOfIndividual
sched_g_part_i,2010v3.6,ActivityTxt,Activity
sched_g_part_i,2010v3.6,BusinessNm1,NameOfOrganization/BusinessNameLine1
sched_g_part_i,2010v3.6,BusinessNm2,NameOfOrganization/BusinessNameLine2
sched_g_part_i,2010v3.6,ContractAmt,AmountRetainedByContractor
sched_g_part_i,2010v3.6,FndControl,FundraiserControlOfFunds
sched_g_part_i,2010v3.6,GrsRcptAmt,GrossReceipts
sched_g_part_i,2010v3.6,OrgNetAmt,NetToOrganization
sched_g_part_i,2010v3.6,PersonNm,NameOfIndividual
sched_g_part_i,2010v3.7,ActivityTxt,Activity
sched_g_part_i,2010v3.7,BusinessNm1,NameOfOrganization/BusinessNameLine1
sched_g_part_i,2010v3.7,BusinessNm2,NameOfOrganization/BusinessNameLine2
sched_g_part_i,2010v3.7,ContractAmt,AmountRetainedByContractor
sched_g_part_i,2010v3.7,FndControl,FundraiserControlOfFunds
sched_g_part_i,2010v3.7,GrsRcptAmt,GrossReceipts
sched_g_part_i,2010v3.7,OrgNetAmt,NetToOrganization
sched_g_part_i,2010v3.7,PersonNm,NameOfIndividual
sched_g_part_i,2011v1.2,ActivityTxt,Activity
sched_g_part_i,2011v1.2,BusinessNm1,NameOfOrganization/BusinessNameLine1
sched_g_part_i,2011v1.2,BusinessNm2,NameOfOrganization/BusinessNameLine2
sched_g_part_i,2011v1.2,ContractAmt,AmountRetainedByContractor
sched_g_part_i,2011v1.2,FndControl,FundraiserControlOfFunds
sched_g_part_i,2011v1.2,GrsRcptAmt,GrossReceipts
sched_g_part_i,2011v1.2,OrgNetAmt,NetToOrganization
sched_g_part_i,2011v1.2,PersonNm,NameOfIndividual
sched_g_part_i,2011v1.3,ActivityTxt,Activity
sched_g_part_i,2011v1.3,BusinessNm1,NameOfOrganization/BusinessNameLine1
sched_g_part_i,2011v1.3,BusinessNm2,NameOfOrganization/BusinessNameLine2
sched_g_part_i,2011v1.3,ContractAmt,AmountRetainedByContractor
sched_g_part_i,2011v1.3,FndControl,FundraiserControlOfFunds
sched_g_part_i,2011v1.3,GrsRcptAmt,GrossReceipts
sched_g_part_i,2011v1.3,OrgNetAmt,NetToOrganization
sched_g_part_i,2011v1.3,PersonNm,NameOfIndividual
sched_g_part_i,2011v1.4,ActivityTxt,Activity
sched_g_part_i,2011v1.4,BusinessNm1,NameOfOrganization/BusinessNameLine1
sched_g_part_i,2011v1.4,BusinessNm2,NameOfOrganization/BusinessNameLine2
sched_g_part_i,2011v1.4,ContractAmt,AmountRetainedByContractor
sched_g_part_i,2011v1.4,FndControl,FundraiserControlOfFunds
sched_g_part_i,2011v1.4,GrsRcptAmt,GrossReceipts
sched_g_part_i,2011v1.4,OrgNetAmt,NetToOrganization
sched_g_part_i,2011v1.4,PersonNm,NameOfIndividual
sched_g_part_i,2011v1.5,ActivityTxt,Activity
sched_g_part_i,2011v1.5,BusinessNm1,NameOfOrganization/BusinessNameLine1
sched_g_part_i,2011v1.5,BusinessNm2,NameOfOrganization/BusinessNameLine2
sched_g_part_i,2011v1.5,ContractAmt,AmountRetainedByContractor
sched_g_part_i,2011v1.5,FndControl,FundraiserControlOfFunds
sched_g_part_i,2011v1.5,GrsRcptAmt,GrossReceipts
sched_g_part_i,2011v1.5,OrgNetAmt,NetToOrganization
sched_g_part_i,2011v1.5,PersonNm,NameOfIndividual
sched_g_part_i,2012v2.0,ActivityTxt,Activity
sched_g_part_i,2012v2.0,BusinessNm1,NameOfOrganization/BusinessNameLine1
sched_g_part_i,2012v2.0,BusinessNm2,NameOfOrganization/BusinessNameLine2
sched_g_part_i,2012v2.0,ContractAmt,AmountRetainedByContractor
sched_g_part_i,2012v2.0,FndControl,FundraiserControlOfFunds
sched_g_part_i,2012v2.0,GrsRcptAmt,GrossReceipts
sched_g_part_i,2012v2.0,OrgNetAmt,NetToOrganization
sched_g_part_i,2012v2.0,PersonNm,NameOfIndividual
sched_g_part_i,2012v2.1,ActivityTxt,Activity
sched_g_part_i,2012v2.1,BusinessNm1,NameOfOrganization/BusinessNameLine1
sched_g_part_i,2012v2.1,BusinessNm2,NameOfOrganization/BusinessNameLine2
sched_g_part_i,2012v2.1,ContractAmt,AmountRetainedByContractor
sched_g_part_i,2012v2.1,FndControl,FundraiserControlOfFunds
sched_g_part_i,2012v2.1,GrsRcptAmt,GrossReceipts
sched_g_part_i,2012v2.1,OrgNetAmt,NetToOrganization
sched_g_part_i,2012v2.1,PersonNm,NameOfIndividual
sched_g_part_i,2012v2.2,ActivityTxt,Activity
sched_g_part_i,2012v2.2,BusinessNm1,NameOfOrganization/BusinessNameLine1
sched_g_part_i,2012v2.2,BusinessNm2,NameOfOrganization/BusinessNameLine2
sched_g_part_i,2012v2.2,ContractAmt,AmountRetainedByContractor
sched_g_part_i,2012v2.2,FndControl,FundraiserControlOfFunds
sched_g_part_i,2012v2.2,GrsRcptAmt,GrossReceipts
sched_g_part_i,2012v2.2,OrgNetAmt,NetToOrganization
sched_g_part_i,2012v2.2,PersonNm,NameOfIndividual
sched_g_part_i,2012v2.3,ActivityTxt,Activity
sched_g_part_i,2012v2.3,BusinessNm1,NameOfOrganization/BusinessNameLine1
sched_g_part_i,2012v2.3,BusinessNm2,NameOfOrganization/BusinessNameLine2
sched_g_part_i,2012v2.3,ContractAmt,AmountRetainedByContractor
sched_g_part_i,2012v2.3,FndControl,FundraiserControlOfFunds
sched_g_part_i,2012v2.3,GrsRcptAmt,GrossReceipts
sched_g_part_i,2012v2.3,OrgNetAmt,NetToOrganization
sched_g_part_i,2012v2.3,PersonNm,NameOfIndividual
sched_g_part_i,2012v3.0,ActivityTxt,Activity
sched_g_part_i,2012v3.0,BusinessNm1,NameOfOrganization/BusinessNameLine1
sched_g_part_i,2012v3.0,BusinessNm2,NameOfOrganization/BusinessNameLine2
sched_g_part_i,2012v3.0,ContractAmt,AmountRetainedByContractor
sched_g_part_i,2012v3.0,FndControl,FundraiserControlOfFunds
sched_g_part_i,2012v3.0,GrsRcptAmt,GrossReceipts
sched_g_part_i,2012v3.0,OrgNetAmt,NetToOrganization
sched_g_part_i,2012v3.0,PersonNm,NameOfIndividual
sched_g_part_i,2013v3.0,ActivityTxt,ActivityTxt
sched_g_part_i,2013v3.0,BusinessNm1,OrganizationBusinessName/BusinessNameLine1
sched_g_part_i,2013v3.0,BusinessNm2,OrganizationBusinessName/BusinessNameLine2
sched_g_part_i,2013v3.0,ContractAmt,RetainedByContractorAmt
sched_g_part_i,2013v3.0,FndControl,FundraiserControlOfFundsInd
sched_g_part_i,2013v3.0,GrsRcptAmt,GrossReceiptsAmt
sched_g_part_i,2013v3.0,OrgNetAmt,NetToOrganizationAmt
sched_g_part_i,2013v3.0,PersonNm,PersonNm
sched_g_part_i,2013v3.1,ActivityTxt,ActivityTxt
sched_g_part_i,2013v3.1,BusinessNm1,OrganizationBusinessName/BusinessNameLine1
sched_g_part_i,2013v3.1,BusinessNm2,OrganizationBusinessName/BusinessNameLine2
sched_g_part_i,2013v3.1,ContractAmt,RetainedByContractorAmt
sched_g_part_i,2013v3.1,FndControl,FundraiserControlOfFundsInd
sched_g_part_i,2013v3.1,GrsRcptAmt,GrossReceiptsAmt
sched_g_part_i,2013v3.1,OrgNetAmt,NetToOrganizationAmt
sched_g_part_i,2013v3.1,PersonNm,PersonNm
sched_g_part_i,2013v4.0,ActivityTxt,ActivityTxt
sched_g_part_i,2013v4.0,BusinessNm1,OrganizationBusinessName/BusinessNameLine1
sched_g_part_i,2013v4.0,BusinessNm2,OrganizationBusinessName/BusinessNameLine2
sched_g_part_i,2013v4.0,ContractAmt,RetainedByContractorAmt
sched_g_part_i,2013v4.0,FndControl,FundraiserControlOfFundsInd
sched_g_part_i,2013v4.0,GrsRcptAmt,GrossReceiptsAmt
sched_g_part_i,2013v4.0,OrgNetAmt,NetToOrganizationAmt
sched_g_part_i,2013v4.0,PersonNm,PersonNm
sched_g_part_i,2014v5.0,ActivityTxt,ActivityTxt
sched_g_part_i,2014v5.0,BusinessNm1,OrganizationBusinessName/BusinessNameLine1Txt
sched_g_part_i,2014v5.0,BusinessNm2,OrganizationBusinessName/BusinessNameLine2Txt
sched_g_part_i,2014v5.0,ContractAmt,RetainedByContractorAmt
sched_g_part_i,2014v5.0,FndControl,FundraiserControlOfFundsInd
sched_g_part_i,2014v5.0,GrsRcptAmt,GrossReceiptsAmt
sched_g_part_i,2014v5.0,OrgNetAmt,NetToOrganizationAmt
sched_g_part_i,2014v5.0,PersonNm,PersonNm
sched_g_part_i,2014v6.0,ActivityTxt,ActivityTxt
sched_g_part_i,2014v6.0,BusinessNm1,OrganizationBusinessName/BusinessNameLine1Txt
sched_g_part_i,2014v6.0,BusinessNm2,OrganizationBusinessName/BusinessNameLine2Txt
sched_g_part_i,2014v6.0,ContractAmt,RetainedByContractorAmt
sched_g_part_i,2014v6.0,FndControl,FundraiserControlOfFundsInd
sched_g_part_i,2014v6.0,GrsRcptAmt,GrossReceiptsAmt
sched_g_part_i,2014v6.0,OrgNetAmt,NetToOrganizationAmt
sched_g_part_i,2014v6.0,PersonNm,PersonNm
sched_l_part_ii,2007v2.0,Approved,ApprovedByBoard
sched_l_part_ii,2007v2.0,BalanceDue,BalanceDue
sched_l_part_ii,2007v2.0,Default,Default
sched_l_part_ii,2007v2.0,FromOrg,LoanFromOrganization
sched_l_part_ii,2007v2.0,OrigPrincipal,OriginalPrincipalAmount
sched_l_part_ii,2007v2.0,Purpose,PurposeOfLoan
sched_l_part_ii,2007v2.0,ToOrg,LoanToOrganization
sched_l_part_ii,2007v2.0,Written,WrittenAgreement
sched_l_part_ii,2007v2.10,Approved,ApprovedByBoard
sched_l_part_ii,2007v2.10,BalanceDue,BalanceDue
sched_l_part_ii,2007v2.10,BusinessNm1,BusinessNameLine1
sched_l_part_ii,2007v2.10,BusinessNm2,BusinessNameLine2
sched_l_part_ii,2007v2.10,Default,Default
sched_l_part_ii,2007v2.10,FromOrg,LoanFromOrganization
sched_l_part_ii,2007v2.10,OrigPrincipal,OriginalPrincipalAmount
sched_l_part_ii,2007v2.10,PersonNm,NamePerson
sched_l_part_ii,2007v2.10,Purpose,PurposeOfLoan
sched_l_part_ii,2007v2.10,ToOrg,LoanToOrganization
sched_l_part_ii,2007v2.10,Written,WrittenAgreement
sched_l_part_ii,2007v2.11,Approved,ApprovedByBoard
sched_l_part_ii,2007v2.11,BalanceDue,BalanceDue
sched_l_part_ii,2007v2.11,BusinessNm1,BusinessNameLine1
sched_l_part_ii,2007v2.11,BusinessNm2,BusinessNameLine2
sched_l_part_ii,2007v2.11,Default,Default
sched_l_part_ii,2007v2.11,FromOrg,LoanFromOrganization
sched_l_part_ii,2007v2.11,OrigPrincipal,OriginalPrincipalAmount
sched_l_part_ii,2007v2.11,PersonNm,NamePerson
sched_l_part_ii,2007v2.11,Purpose,PurposeOfLoan
sched_l_part_ii,2007v2.11,ToOrg,LoanToOrganization
sched_l_part_ii,2007v2.11,Written,WrittenAgreement
sched_l_part_ii,2007v2.3,Approved,ApprovedByBoard
sched_l_part_ii,2007v2.3,BalanceDue,BalanceDue
sched_l_part_ii,2007v2.3,BusinessNm1,BusinessNameLine1
sched_l_part_ii,2007v2.3,BusinessNm2,BusinessNameLine2
sched_l_part_ii,2007v2.3,Default,Default
sched_l_part_ii,2007v2.3,FromOrg,LoanFromOrganization
sched_l_part_ii,2007v2.3,OrigPrincipal,OriginalPrincipalAmount
sched_l_part_ii,2007v2.3,PersonNm,NamePerson
sched_l_part_ii,2007v2.3,Purpose,PurposeOfLoan
sched_l_part_ii,2007v2.3,ToOrg,LoanToOrganization
sched_l_part_ii,2007v2.3,Written,WrittenAgreement
sched_l_part_ii,2007v2.4,Approved,ApprovedByBoard
sched_l_part_ii,2007v2.4,BalanceDue,BalanceDue
sched_l_part_ii,2007v2.4,BusinessNm1,BusinessNameLine1
sched_l_part_ii,2007v2.4,BusinessNm2,BusinessNameLine2
sched_l_part_ii,2007v2.4,Default,Default
sched_l_part_ii,2007v2.4,FromOrg,LoanFromOrganization
sched_l_part_ii,2007v2.4,OrigPrincipal,OriginalPrincipalAmount
sched_l_part_ii,2007v2.4,PersonNm,NamePerson
sched_l_part_ii,2007v2.4,Purpose,PurposeOfLoan
sched_l_part_ii,2007v2.4,ToOrg,LoanToOrganization
sched_l_part_ii,2007v2.4,Written,WrittenAgreement
sched_l_part_ii,2007v2.6,Approved,ApprovedByBoard
sched_l_part_ii,2007v2.6,BalanceDue,BalanceDue
sched_l_part_ii,2007v2.6,BusinessNm1,BusinessNameLine1
sched_l_part_ii,2007v2.6,BusinessNm2,BusinessNameLine2
sched_l_part_ii,2007v2.6,Default,Default
sched_l_part_ii,2007v2.6,FromOrg,LoanFromOrganization
sched_l_part_ii,2007v2.6,OrigPrincipal,OriginalPrincipalAmount
sched_l_part_ii,2007v2.6,PersonNm,NamePerson
sched_l_part_ii,2007v2.6,Purpose,PurposeOfLoan
sched_l_part_ii,2007v2.6,ToOrg,LoanToOrganization
sched_l_part_ii,2007v2.6,Written,WrittenAgreement
sched_l_part_ii,2008v2.10,Approved,ApprovedByBoard
sched_l_part_ii,2008v2.10,BalanceDue,BalanceDue
sched_l_part_ii,2008v2.10,BusinessNm1,BusinessNameLine1
sched_l_part_ii,2008v2.10,BusinessNm2,BusinessNameLine2
sched_l_part_ii,2008v2.10,Default,Default
sched_l_part_ii,2008v2.10,FromOrg,LoanFromOrganization
sched_l_part_ii,2008v2.10,OrigPrincipal,OriginalPrincipalAmount
sched_l_part_ii,2008v2.10,PersonNm,NamePerson
sched_l_part_ii,2008v2.10,Purpose,PurposeOfLoan
sched_l_part_ii,2008v2.10,ToOrg,LoanToOrganization
sched_l_part_ii,2008v2.10,Written,WrittenAgreement
sched_l_part_ii,2008v2.5,Approved,ApprovedByBoard
sched_l_part_ii,2008v2.5,BalanceDue,BalanceDue
sched_l_part_ii,2008v2.5,BusinessNm1,BusinessNameLine1
sched_l_part_ii,2008v2.5,BusinessNm2,BusinessNameLine2
sched_l_part_ii,2008v2.5,Default,Default
sched_l_part_ii,2008v2.5,FromOrg,LoanFromOrganization
sched_l_part_ii,2008v2.5,OrigPrincipal,OriginalPrincipalAmount
sched_l_part_ii,2008v2.5,PersonNm,NamePerson
sched_l_part_ii,2008v2.5,Purpose,PurposeOfLoan
sched_l_part_ii,2008v2.5,ToOrg,LoanToOrganization
sched_l_part_ii,2008v2.5,Written,WrittenAgreement
sched_l_part_ii,2008v2.7,Approved,ApprovedByBoard
sched_l_part_ii,2008v2.7,BalanceDue,BalanceDue
sched_l_part_ii,2008v2.7,BusinessNm1,BusinessNameLine1
sched_l_part_ii,2008v2.7,BusinessNm2,BusinessNameLine2
sched_l_part_ii,2008v2.7,Default,Default
sched_l_part_ii,2008v2.7,FromOrg,LoanFromOrganization
sched_l_part_ii,2008v2.7,OrigPrincipal,OriginalPrincipalAmount
sched_l_part_ii,2008v2.7,PersonNm,NamePerson
sched_l_part_ii,2008v2.7,Purpose,PurposeOfLoan
sched_l_part_ii,2008v2.7,ToOrg,LoanToOrganization
sched_l_part_ii,2008v2.7,Written,WrittenAgreement
sched_l_part_ii,2008v2.9,Approved,ApprovedByBoard
sched_l_part_ii,2008v2.9,BalanceDue,BalanceDue
sched_l_part_ii,2008v2.9,BusinessNm1,BusinessNameLine1
sched_l_part_ii,2008v2.9,BusinessNm2,BusinessNameLine2
sched_l_part_ii,2008v2.9,Default,Default
sched_l_part_ii,2008v2.9,FromOrg,LoanFromOrganization
sched_l_part_ii,2008v2.9,OrigPrincipal,OriginalPrincipalAmount
sched_l_part_ii,2008v2.9,PersonNm,NamePerson
sched_l_part_ii,2008v2.9,Purpose,PurposeOfLoan
sched_l_part_ii,2008v2.9,ToOrg,LoanToOrganization
sched_l_part_ii,2008v2.9,Written,WrittenAgreement
sched_l_part_ii,2009v1.0,Approved,ApprovedByBoard
sched_l_part_ii,2009v1.0,BalanceDue,BalanceDue
sched_l_part_ii,2009v1.0,BusinessNm1,BusinessNameLine1
sched_l_part_ii,2009v1.0,BusinessNm2,BusinessNameLine2
sched_l_part_ii,2009v1.0,Default,Default
sched_l_part_ii,2009v1.0,FromOrg,LoanFromOrganization
sched_l_part_ii,2009v1.0,OrigPrincipal,OriginalPrincipalAmount
sched_l_part_ii,2009v1.0,PersonNm,NamePerson
sched_l_part_ii,2009v1.0,Purpose,PurposeOfLoan
sched_l_part_ii,2009v1.0,ToOrg,LoanToOrganization
sched_l_part_ii,2009v1.0,Written,WrittenAgreement
sched_l_part_ii,2009v1.1,Approved,ApprovedByBoard
sched_l_part_ii,2009v1.1,BalanceDue,BalanceDue
sched_l_part_ii,2009v1.1,BusinessNm1,BusinessNameLine1
sched_l_part_ii,2009v1.1,BusinessNm2,BusinessNameLine2
sched_l_part_ii,2009v1.1,Default,Default
sched_l_part_ii,2009v1.1,FromOrg,LoanFromOrganization
sched_l_part_ii,2009v1.1,OrigPrincipal,OriginalPrincipalAmount
sched_l_part_ii,2009v1.1,PersonNm,NamePerson
sched_l_part_ii,2009v1.1,Purpose,PurposeOfLoan
sched_l_part_ii,2009v1.1,ToOrg,LoanToOrganization
sched_l_part_ii,2009v1.1,Written,WrittenAgreement
sched_l_part_ii,2009v1.2,Approved,ApprovedByBoard
sched_l_part_ii,2009v1.2,BalanceDue,BalanceDue
sched_l_part_ii,2009v1.2,BusinessNm1,BusinessNameLine1
sched_l_part_ii,2009v1.2,BusinessNm2,BusinessNameLine2
sched_l_part_ii,2009v1.2,Default,Default
sched_l_part_ii,2009v1.2,FromOrg,LoanFromOrganization
sched_l_part_ii,2009v1.2,OrigPrincipal,OriginalPrincipalAmount
sched_l_part_ii,2009v1.2,PersonNm,NamePerson
sched_l_part_ii,2009v1.2,Purpose,PurposeOfLoan
sched_l_part_ii,2009v1.2,ToOrg,LoanToOrganization
sched_l_part_ii,2009v1.2,Written,WrittenAgreement
sched_l_part_ii,2009v1.3,Approved,ApprovedByBoard
sched_l_part_ii,2009v1.3,BalanceDue,BalanceDue
sched_l_part_ii,2009v1.3,BusinessNm1,BusinessNameLine1
sched_l_part_ii,2009v1.3,BusinessNm2,BusinessNameLine2
sched_l_part_ii,2009v1.3,Default,Default
sched_l_part_ii,2009v1.3,FromOrg,LoanFromOrganization
sched_l_part_ii,2009v1.3,OrigPrincipal,OriginalPrincipalAmount
sched_l_part_ii,2009v1.3,PersonNm,NamePerson
sched_l_part_ii,2009v1.3,Purpose,PurposeOfLoan
sched_l_part_ii,2009v1.3,ToOrg,LoanToOrganization
sched_l_part_ii,2009v1.3,Written,WrittenAgreement
sched_l_part_ii,2009v1.4,Approved,ApprovedByBoard
sched_l_part_ii,2009v1.4,BalanceDue,BalanceDue
sched_l_part_ii,2009v1.4,BusinessNm1,BusinessNameLine1
sched_l_part_ii,2009v1.4,BusinessNm2,BusinessNameLine2
sched_l_part_ii,2009v1.4,Default,Default
sched_l_part_ii,2009v1.4,FromOrg,LoanFromOrganization
sched_l_part_ii,2009v1.4,OrigPrincipal,OriginalPrincipalAmount
sched_l_part_ii,2009v1.4,PersonNm,NamePerson
sched_l_part_ii,2009v1.4,Purpose,PurposeOfLoan
sched_l_part_ii,2009v1.4,ToOrg,LoanToOrganization
sched_l_part_ii,2009v1.4,Written,WrittenAgreement
sched_l_part_ii,2009v1.7,Approved,ApprovedByBoard
sched_l_part_ii,2009v1.7,BalanceDue,BalanceDue
sched_l_part_ii,2009v1.7,BusinessNm1,BusinessNameLine1
sched_l_part_ii,2009v1.7,BusinessNm2,BusinessNameLine2
sched_l_part_ii,2009v1.7,Default,Default
sched_l_part_ii,2009v1.7,FromOrg,LoanFromOrganization
sched_l_part_ii,2009v1.7,OrigPrincipal,OriginalPrincipalAmount
sched_l_part_ii,2009v1.7,PersonNm,NamePerson
sched_l_part_ii,2009v1.7,Purpose,PurposeOfLoan
sched_l_part_ii,2009v1.7,ToOrg,LoanToOrganization
sched_l_part_ii,2009v1.7,Written,WrittenAgreement
sched_l_part_ii,2010v3.2,Approved,ApprovedByBoard
sched_l_part_ii,2010v3.2,BalanceDue,BalanceDue
sched_l_part_ii,2010v3.2,BusinessNm1,BusinessNameLine1
sched_l_part_ii,2010v3.2,BusinessNm2,BusinessNameLine2
sched_l_part_ii,2010v3.2,Default,Default
sched_l_part_ii,2010v3.2,FromOrg,LoanFromOrganization
sched_l_part_ii,2010v3.2,OrigPrincipal,OriginalPrincipalAmount
sched_l_part_ii,2010v3.2,PersonNm,NamePerson
sched_l_part_ii,2010v3.2,Purpose,PurposeOfLoan
sched_l_part_ii,2010v3.2,ToOrg,LoanToOrganization
sched_l_part_ii,2010v3.2,Written,WrittenAgreement
sched_l_part_ii,2010v3.4,Approved,ApprovedByBoard
sched_l_part_ii,2010v3.4,BalanceDue,BalanceDue
sched_l_part_ii,2010v3.4,BusinessNm1,BusinessNameLine1
sched_l_part_ii,2010v3.4,BusinessNm2,BusinessNameLine2
sched_l_part_ii,2010v3.4,Default,Default
sched_l_part_ii,2010v3.4,FromOrg,LoanFromOrganization
sched_l_part_ii,2010v3.4,OrigPrincipal,OriginalPrincipalAmount
sched_l_part_ii,2010v3.4,PersonNm,NamePerson
sched_l_part_ii,2010v3.4,Purpose,PurposeOfLoan
sched_l_part_ii,2010v3.4,ToOrg,LoanToOrganization
sched_l_part_ii,2010v3.4,Written,WrittenAgreement
sched_l_part_ii,2010v3.6,Approved,ApprovedByBoard
sched_l_part_ii,2010v3.6,BalanceDue,BalanceDue
sched_l_part_ii,2010v3.6,BusinessNm1,BusinessNameLine1
sched_l_part_ii,2010v3.6,BusinessNm2,BusinessNameLine2
sched_l_part_ii,2010v3.6,Default,Default
sched_l_part_ii,2010v3.6,FromOrg,LoanFromOrganization
sched_l_part_ii,2010v3.6,OrigPrincipal,OriginalPrincipalAmount
sched_l_part_ii,2010v3.6,PersonNm,NamePerson
sched_l_part_ii,2010v3.6,Purpose,PurposeOfLoan
sched_l_part_ii,2010v3.6,ToOrg,LoanToOrganization
sched_l_part_ii,2010v3.6,Written,WrittenAgreement
sched_l_part_ii,2010v3.7,Approved,ApprovedByBoard
sched_l_part_ii,2010v3.7,BalanceDue,BalanceDue
sched_l_part_ii,2010v3.7,BusinessNm1,BusinessNameLine1
sched_l_part_ii,2010v3.7,BusinessNm2,BusinessNameLine2
sched_l_part_ii,2010v3.7,Default,Default
sched_l_part_ii,2010v3.7,FromOrg,LoanFromOrganization
sched_l_part_ii,2010v3.7,OrigPrincipal,OriginalPrincipalAmount
sched_l_part_ii,2010v3.7,PersonNm,NamePerson
sched_l_part_ii,2010v3.7,Purpose,PurposeOfLoan
sched_l_part_ii,2010v3.7,ToOrg,LoanToOrganization
sched_l_part_ii,2010v3.7,Written,WrittenAgreement
sched_l_part_ii,2011v1.2,Approved,ApprovedByBoard
sched_l_part_ii,2011v1.2,BalanceDue,BalanceDue
sched_l_part_ii,2011v1.2,BusinessNm1,BusinessNameLine1
sched_l_part_ii,2011v1.2,BusinessNm2,BusinessNameLine2
sched_l_part_ii,2011v1.2,Default,Default
sched_l_part_ii,2011v1.2,FromOrg,LoanFromOrganization
sched_l_part_ii,2011v1.2,OrigPrincipal,OriginalPrincipalAmount
sched_l_part_ii,2011v1.2,PersonNm,NamePerson
sched_l_part_ii,2011v1.2,Purpose,PurposeOfLoan
sched_l_part_ii,2011v1.2,ToOrg,LoanToOrganization
sched_l_part_ii,2011v1.2,Written,WrittenAgreement
sched_l_part_ii,2011v1.3,Approved,ApprovedByBoard
sched_l_part_ii,2011v1.3,BalanceDue,BalanceDue
sched_l_part_ii,2011v1.3,BusinessNm1,BusinessNameLine1
sched_l_part_ii,2011v1.3,BusinessNm2,BusinessNameLine2
sched_l_part_ii,2011v1.3,Default,Default
sched_l_part_ii,2011v1.3,FromOrg,LoanFromOrganization
sched_l_part_ii,2011v1.3,OrigPrincipal,OriginalPrincipalAmount
sched_l_part_ii,2011v1.3,PersonNm,NamePerson
sched_l_part_ii,2011v1.3,Purpose,PurposeOfLoan
sched_l_part_ii,2011v1.3,ToOrg,LoanToOrganization
sched_l_part_ii,2011v1.3,Written,WrittenAgreement
sched_l_part_ii,2011v1.4,Approved,ApprovedByBoard
sched_l_part_ii,2011v1.4,BalanceDue,BalanceDue
sched_l_part_ii,2011v1.4,BusinessNm1,BusinessNameLine1
sched_l_part_ii,2011v1.4,BusinessNm2,BusinessNameLine2
sched_l_part_ii,2011v1.4,Default,Default
sched_l_part_ii,2011v1.4,FromOrg,LoanFromOrganization
sched_l_part_ii,2011v1.4,OrigPrincipal,OriginalPrincipalAmount
sched_l_part_ii,2011v1.4,PersonNm,NamePerson
sched_l_part_ii,2011v1.4,Purpose,PurposeOfLoan
sched_l_part_ii,2011v1.4,ToOrg,LoanToOrganization
sched_l_part_ii,2011v1.4,Written,WrittenAgreement
sched_l_part_ii,2011v1.5,Approved,ApprovedByBoard
sched_l_part_ii,2011v1.5,BalanceDue,BalanceDue
sched_l_part_ii,2011v1.5,BusinessNm1,BusinessNameLine1
sched_l_part_ii,2011v1.5,BusinessNm2,BusinessNameLine2
sched_l_part_ii,2011v1.5,Default,Default
sched_l_part_ii,2011v1.5,FromOrg,LoanFromOrganization
sched_l_part_ii,2011v1.5,OrigPrincipal,OriginalPrincipalAmount
sched_l_part_ii,2011v1.5,PersonNm,NamePerson
sched_l_part_ii,2011v1.5,Purpose,PurposeOfLoan
sched_l_part_ii,2011v1.5,ToOrg,LoanToOrganization
sched_l_part_ii,2011v1.5,Written,WrittenAgreement
sched_l_part_ii,2012v2.0,Approved,ApprovedByBoard
sched_l_part_ii,2012v2.0,BalanceDue,BalanceDue
sched_l_part_ii,2012v2.0,BusinessNm1,BusinessNameLine1
sched_l_part_ii,2012v2.0,BusinessNm2,BusinessNameLine2
sched_l_part_ii,2012v2.0,Default,Default
sched_l_part_ii,2012v2.0,FromOrg,LoanFromOrganization
sched_l_part_ii,2012v2.0,OrigPrincipal,OriginalPrincipalAmount
sched_l_part_ii,2012v2.0,PersonNm,NamePerson
sched_l_part_ii,2012v2.0,Purpose,PurposeOfLoan
sched_l_part_ii,2012v2.0,ToOrg,LoanToOrganization
sched_l_part_ii,2012v2.0,Written,WrittenAgreement
sched_l_part_ii,2012v2.1,Approved,ApprovedByBoard
sched_l_part_ii,2012v2.1,BalanceDue,BalanceDue
sched_l_part_ii,2012v2.1,BusinessNm1,BusinessNameLine1
sched_l_part_ii,2012v2.1,BusinessNm2,BusinessNameLine2
sched_l_part_ii,2012v2.1,Default,Default
sched_l_part_ii,2012v2.1,FromOrg,LoanFromOrganization
sched_l_part_ii,2012v2.1,OrigPrincipal,OriginalPrincipalAmount
sched_l_part_ii,2012v2.1,PersonNm,NamePerson
sched_l_part_ii,2012v2.1,Purpose,PurposeOfLoan
sched_l_part_ii,2012v2.1,ToOrg,LoanToOrganization
sched_l_part_ii,2012v2.1,Written,WrittenAgreement
sched_l_part_ii,2012v2.2,Approved,ApprovedByBoard
sched_l_part_ii,2012v2.2,BalanceDue,BalanceDue
sched_l_part_ii,2012v2.2,BusinessNm1,BusinessNameLine1
sched_l_part_ii,2012v2.2,BusinessNm2,BusinessNameLine2
sched_l_part_ii,2012v2.2,Default,Default
sched_l_part_ii,2012v2.2,FromOrg,LoanFromOrganization
sched_l_part_ii,2012v2.2,OrigPrincipal,OriginalPrincipalAmount
sched_l_part_ii,2012v2.2,PersonNm,NamePerson
sched_l_part_ii,2012v2.2,Purpose,PurposeOfLoan
sched_l_part_ii,2012v2.2,ToOrg,LoanToOrganization
sched_l_part_ii,2012v2.2,Written,WrittenAgreement
sched_l_part_ii,2012v2.3,Approved,ApprovedByBoard
sched_l_part_ii,2012v2.3,BalanceDue,BalanceDue
sched_l_part_ii,2012v2.3,BusinessNm1,BusinessNameLine1
sched_l_part_ii,2012v2.3,BusinessNm2,BusinessNameLine2
sched_l_part_ii,2012v2.3,Default,Default
sched_l_part_ii,2012v2.3,FromOrg,LoanFromOrganization
sched_l_part_ii,2012v2.3,OrigPrincipal,OriginalPrincipalAmount
sched_l_part_ii,2012v2.3,PersonNm,NamePerson
sched_l_part_ii,2012v2.3,Purpose,PurposeOfLoan
sched_l_part_ii,2012v2.3,ToOrg,LoanToOrganization
sched_l_part_ii,2012v2.3,Written,WrittenAgreement
sched_l_part_ii,2012v3.0,Approved,ApprovedByBoard
sched_l_part_ii,2012v3.0,BalanceDue,BalanceDue
sched_l_part_ii,2012v3.0,BusinessNm1,BusinessNameLine1
sched_l_part_ii,2012v3.0,BusinessNm2,BusinessNameLine2
sched_l_part_ii,2012v3.0,Default,Default
sched_l_part_ii,2012v3.0,FromOrg,LoanFromOrganization
sched_l_part_ii,2012v3.0,OrigPrincipal,OriginalPrincipalAmount
sched_l_part_ii,2012v3.0,PersonNm,NamePerson
sched_l_part_ii,2012v3.0,Purpose,PurposeOfLoan
sched_l_part_ii,2012v3.0,ToOrg,LoanToOrganization
sched_l_part_ii,2012v3.0,Written,WrittenAgreement
sched_l_part_ii,2013v3.0,Approved,BoardOrCommitteeApprovalInd
sched_l_part_ii,2013v3.0,BalanceDue,BalanceDueAmt
sched_l_part_ii,2013v3.0,BusinessNm1,BusinessNameLine1
sched_l_part_ii,2013v3.0,BusinessNm2,BusinessNameLine2
sched_l_part_ii,2013v3.0,Default,DefaultInd
sched_l_part_ii,2013v3.0,FromOrg,LoanFromOrganizationInd
sched_l_part_ii,2013v3.0,OrigPrincipal,OriginalPrincipalAmt
sched_l_part_ii,2013v3.0,PersonNm,PersonNm
sched_l_part_ii,2013v3.0,Purpose,LoanPurposeTxt
sched_l_part_ii,2013v3.0,Relationship,RelationshipWithOrgTxt
sched_l_part_ii,2013v3.0,ToOrg,LoanToOrganizationInd
sched_l_part_ii,2013v3.0,Written,WrittenAgreementInd
sched_l_part_ii,2013v3.1,Approved,BoardOrCommitteeApprovalInd
sched_l_part_ii,2013v3.1,BalanceDue,BalanceDueAmt
sched_l_part_ii,2013v3.1,BusinessNm1,BusinessNameLine1
sched_l_part_ii,2013v3.1,BusinessNm2,BusinessNameLine2
sched_l_part_ii,2013v3.1,Default,DefaultInd
sched_l_part_ii,2013v3.1,FromOrg,LoanFromOrganizationInd
sched_l_part_ii,2013v3.1,OrigPrincipal,OriginalPrincipalAmt
sched_l_part_ii,2013v3.1,PersonNm,PersonNm
sched_l_part_ii,2013v3.1,Purpose,LoanPurposeTxt
sched_l_part_ii,2013v3.1,Relationship,RelationshipWithOrgTxt
sched_l_part_ii,2013v3.1,ToOrg,LoanToOrganizationInd
sched_l_part_ii,2013v3.1,Written,WrittenAgreementInd
sched_l_part_ii,2013v4.0,Approved,BoardOrCommitteeApprovalInd
sched_l_part_ii,2013v4.0,BalanceDue,BalanceDueAmt
sched_l_part_ii,2013v4.0,BusinessNm1,BusinessNameLine1
sched_l_part_ii,2013v4.0,BusinessNm2,BusinessNameLine2
sched_l_part_ii,2013v4.0,Default,DefaultInd
sched_l_part_ii,2013v4.0,FromOrg,LoanFromOrganizationInd
sched_l_part_ii,2013v4.0,OrigPrincipal,OriginalPrincipalAmt
sched_l_part_ii,2013v4.0,PersonNm,PersonNm
sched_l_part_ii,2013v4.0,Purpose,LoanPurposeTxt
sched_l_part_ii,2013v4.0,Relationship,RelationshipWithOrgTxt
sched_l_part_ii,2013v4.0,ToOrg,LoanToOrganizationInd
sched_l_part_ii,2013v4.0,Written,WrittenAgreementInd
sched_l_part_ii,2014v5.0,Approved,BoardOrCommitteeApprovalInd
sched_l_part_ii,2014v5.0,BalanceDue,BalanceDueAmt
sched_l_part_ii,2014v5.0,BusinessNm1,BusinessNameLine1Txt
sched_l_part_ii,2014v5.0,BusinessNm2,BusinessNameLine2Txt
sched_l_part_ii,2014v5.0,Default,DefaultInd
sched_l_part_ii,2014v5.0,FromOrg,LoanFromOrganizationInd
sched_l_part_ii,2014v5.0,OrigPrincipal,OriginalPrincipalAmt
sched_l_part_ii,2014v5.0,PersonNm,PersonNm
sched_l_part_ii,2014v5.0,Purpose,LoanPurposeTxt
sched_l_part_ii,2014v5.0,Relationship,RelationshipWithOrgTxt
sched_l_part_ii,2014v5.0,ToOrg,LoanToOrganizationInd
sched_l_part_ii,2014v5.0,Written,WrittenAgreementInd
sched_l_part_ii,2014v6.0,Approved,BoardOrCommitteeApprovalInd
sched_l_part_ii,2014v6.0,BalanceDue,BalanceDueAmt
sched_l_part_ii,2014v6.0,BusinessNm1,BusinessNameLine1Txt
sched_l_part_ii,2014v6.0,BusinessNm2,BusinessNameLine2Txt
sched_l_part_ii,2014v6.0,Default,DefaultInd
sched_l_part_ii,2014v6.0,FromOrg,LoanFromOrganizationInd
sched_l_part_ii,2014v6.0,OrigPrincipal,OriginalPrincipalAmt
sched_l_part_ii,2014v6.0,PersonNm,PersonNm
sched_l_part_ii,2014v6.0,Purpose,LoanPurposeTxt
sched_l_part_ii,2014v6.0,Relationship,RelationshipWithOrgTxt
sched_l_part_ii,2014v6.0,ToOrg,LoanToOrganizationInd
sched_l_part_ii,2014v6.0,Written,WrittenAgreementInd
